{
    "time": 100,
    "gravitationalConstant": 0.000000000000000000066743,
    "earth": {
        "mass": 5972000000000000000000000,
        "size": 12742,
        "location": {"x": 0, "y": 0, "z": 0},
        "initialVelocity": {"x": 0, "y": 0, "z": 0}
    },
    "satellites": [
        {
            "mass": 420000,
            "size": 500,
            "location": {"x": 0, "y": 6784, "z": 0},
            "initialVelocity": {"x": 7.66461877, "y": 0, "z": 0}
        }
    ]
}
